[
    {
        "pk": 1, 
        "model": "game.userprofile", 
        "fields": {
            "xp": 200, 
            "rep": 100, 
            "user": 1, 
            "patientsTreated": "None"
        }
    }, 
    {
        "pk": 1, 
        "model": "game.patient", 
        "fields": {
            "active": true, 
            "difficulty": 1, 
            "name": "Geraldo"
        }
    }, 
    {
        "pk": 2, 
        "model": "game.patient", 
        "fields": {
            "active": true, 
            "difficulty": 2, 
            "name": "Jack"
        }
    }, 
    {
        "pk": 3, 
        "model": "game.patient", 
        "fields": {
            "active": true, 
            "difficulty": 3, 
            "name": "Joe"
        }
    }, 
    {
        "pk": 1, 
        "model": "game.case", 
        "fields": {
            "patient": 1, 
            "name": "Chest pain", 
            "history": "Blablabla.\r\n\r\nBlablabla.\r\n\r\nBla."
        }
    }, 
    {
        "pk": 2, 
        "model": "game.case", 
        "fields": {
            "patient": 2, 
            "name": "Anorexia", 
            "history": "I'm not hungry, bite me !"
        }
    }, 
    {
        "pk": 3, 
        "model": "game.case", 
        "fields": {
            "patient": 3, 
            "name": "Colon", 
            "history": "I'm 30 year old, I'm recovering from a colon cancer, and just got back from a 15-hour long-distance flight.\r\n\r\nMy right calf is swollen and painful."
        }
    }, 
    {
        "pk": 1, 
        "model": "game.investigationtype", 
        "fields": {
            "name": "General"
        }
    }, 
    {
        "pk": 2, 
        "model": "game.investigationtype", 
        "fields": {
            "name": "Disease-specific"
        }
    }, 
    {
        "pk": 3, 
        "model": "game.investigationtype", 
        "fields": {
            "name": "Organ-specific"
        }
    }, 
    {
        "pk": 4, 
        "model": "game.investigationtype", 
        "fields": {
            "name": "Imaging"
        }
    }, 
    {
        "pk": 1, 
        "model": "game.investigation", 
        "fields": {
            "name": "CBC (complete blood count)", 
            "invtype": 1, 
            "description": "quantifying body's red blood cells (e.g. anemia) and white blood cells (e.g. infection)"
        }
    }, 
    {
        "pk": 4, 
        "model": "game.investigation", 
        "fields": {
            "name": "Electrolytes (Electrolyte Panel)", 
            "invtype": 1, 
            "description": "Electrolytes (Electrolyte Panel)"
        }
    }, 
    {
        "pk": 6, 
        "model": "game.investigation", 
        "fields": {
            "name": "Vital Signs", 
            "invtype": 1, 
            "description": "monitor blood pressure, heart rate, breathing rate, temperature, and pain"
        }
    }, 
    {
        "pk": 7, 
        "model": "game.investigation", 
        "fields": {
            "name": "Culture and sensitivity", 
            "invtype": 1, 
            "description": "screen for presence of bacteria, virus, parasites, and/or fungus to determine the source infections and what drugs to use; samples could be from any body sites, e.g. skin, gut, stool, and urine"
        }
    }, 
    {
        "pk": 8, 
        "model": "game.investigation", 
        "fields": {
            "name": "Urinalysis", 
            "invtype": 1, 
            "description": "analyze for the urine that might indicate problems in kidney and the lower urinary tract (e.g. bladder), systemic problems (anemia, bleeding disorders), and pregnancy"
        }
    }, 
    {
        "pk": 9, 
        "model": "game.investigation", 
        "fields": {
            "name": "Amylase", 
            "invtype": 3, 
            "description": "pancreatic disease"
        }
    }, 
    {
        "pk": 10, 
        "model": "game.investigation", 
        "fields": {
            "name": "Liver function tests", 
            "invtype": 3, 
            "description": "A series of enzymes and proteins that reflects the health of the liver and gallbladder"
        }
    }, 
    {
        "pk": 11, 
        "model": "game.investigation", 
        "fields": {
            "name": "TSH (Thyroid Stimulating Hormone) and Thyroxine (T4)", 
            "invtype": 3, 
            "description": "Thyroid disorders"
        }
    }, 
    {
        "pk": 12, 
        "model": "game.investigation", 
        "fields": {
            "name": "Cardiac enzymes (troponin, CK)", 
            "invtype": 3, 
            "description": "cardiac muscle damage (e.g. in heart attack)"
        }
    }, 
    {
        "pk": 13, 
        "model": "game.investigation", 
        "fields": {
            "name": "Kidney function tests (BUN, urea)", 
            "invtype": 3, 
            "description": "Evaluates kidney function"
        }
    }, 
    {
        "pk": 14, 
        "model": "game.investigation", 
        "fields": {
            "name": "Blood glucose and AIC", 
            "invtype": 2, 
            "description": "current and long term (2-4 months) control of diabetes"
        }
    }, 
    {
        "pk": 15, 
        "model": "game.investigation", 
        "fields": {
            "name": "ANA (anti nuclear antibody)", 
            "invtype": 2, 
            "description": "autoimmune diseases such as lupus"
        }
    }, 
    {
        "pk": 16, 
        "model": "game.investigation", 
        "fields": {
            "name": "Clotting tests", 
            "invtype": 2, 
            "description": "detect increased risk of excessive bleeding; monitor heparin or warfarin therapy"
        }
    }, 
    {
        "pk": 17, 
        "model": "game.investigation", 
        "fields": {
            "name": "Uric Acid", 
            "invtype": 2, 
            "description": "gout; monitor cancer therapy"
        }
    }, 
    {
        "pk": 18, 
        "model": "game.investigation", 
        "fields": {
            "name": "D-dimer", 
            "invtype": 2, 
            "description": "nonspecific indicators of blood clots in the body from causes such as inflammation, infection, pulmonary embolism, and deep vein thrombosis"
        }
    }, 
    {
        "pk": 19, 
        "model": "game.investigation", 
        "fields": {
            "name": "Lipid Profile (LDL, HDL)", 
            "invtype": 2, 
            "description": "atherosclerosis, coronary heart disease (blockage of heart vessels by deposits cholesterol)"
        }
    }, 
    {
        "pk": 20, 
        "model": "game.investigation", 
        "fields": {
            "name": "Ultrasound", 
            "invtype": 4, 
            "description": "using sound waves to visualize internal organs and tissues as well as blood flow"
        }
    }, 
    {
        "pk": 21, 
        "model": "game.investigation", 
        "fields": {
            "name": "X-ray", 
            "invtype": 4, 
            "description": "using a small dose of radiation to visualize internal organs and framework (e.g. bones)"
        }
    }, 
    {
        "pk": 22, 
        "model": "game.investigation", 
        "fields": {
            "name": "CT scan", 
            "invtype": 4, 
            "description": "3D reconstruction based on multiple x-rays to better visualize internal structures"
        }
    }, 
    {
        "pk": 23, 
        "model": "game.investigation", 
        "fields": {
            "name": "EKG", 
            "invtype": 4, 
            "description": "evaluation of heart function and morphology through electrodes measuring the electrical activity of the heart"
        }
    }, 
    {
        "pk": 24, 
        "model": "game.investigation", 
        "fields": {
            "name": "-scopy", 
            "invtype": 4, 
            "description": "Insertion of an imaging device (i.e. camera) to visualize internal structures (i.e. lungs, bladder, colon)"
        }
    }, 
    {
        "pk": 1, 
        "model": "game.investigate", 
        "fields": {
            "case": 1, 
            "ordered": true, 
            "patient": 1, 
            "name": 1, 
            "needed": true
        }
    }, 
    {
        "pk": 3, 
        "model": "game.investigate", 
        "fields": {
            "case": 2, 
            "ordered": true, 
            "patient": 2, 
            "name": 1, 
            "needed": false
        }
    }, 
    {
        "pk": 4, 
        "model": "game.investigate", 
        "fields": {
            "case": 1, 
            "ordered": false, 
            "patient": 1, 
            "name": 4, 
            "needed": false
        }
    }, 
    {
        "pk": 5, 
        "model": "game.investigate", 
        "fields": {
            "case": 1, 
            "ordered": false, 
            "patient": 1, 
            "name": 6, 
            "needed": false
        }
    }, 
    {
        "pk": 6, 
        "model": "game.investigate", 
        "fields": {
            "case": 1, 
            "ordered": false, 
            "patient": 1, 
            "name": 7, 
            "needed": false
        }
    }, 
    {
        "pk": 7, 
        "model": "game.investigate", 
        "fields": {
            "case": 1, 
            "ordered": false, 
            "patient": 1, 
            "name": 8, 
            "needed": false
        }
    }, 
    {
        "pk": 8, 
        "model": "game.investigate", 
        "fields": {
            "case": 1, 
            "ordered": false, 
            "patient": 1, 
            "name": 9, 
            "needed": false
        }
    }, 
    {
        "pk": 9, 
        "model": "game.investigate", 
        "fields": {
            "case": 1, 
            "ordered": false, 
            "patient": 1, 
            "name": 10, 
            "needed": false
        }
    }, 
    {
        "pk": 10, 
        "model": "game.investigate", 
        "fields": {
            "case": 1, 
            "ordered": false, 
            "patient": 1, 
            "name": 11, 
            "needed": false
        }
    }, 
    {
        "pk": 11, 
        "model": "game.investigate", 
        "fields": {
            "case": 1, 
            "ordered": false, 
            "patient": 1, 
            "name": 12, 
            "needed": false
        }
    }, 
    {
        "pk": 12, 
        "model": "game.investigate", 
        "fields": {
            "case": 1, 
            "ordered": false, 
            "patient": 1, 
            "name": 13, 
            "needed": false
        }
    }, 
    {
        "pk": 13, 
        "model": "game.investigate", 
        "fields": {
            "case": 1, 
            "ordered": true, 
            "patient": 1, 
            "name": 14, 
            "needed": false
        }
    }, 
    {
        "pk": 14, 
        "model": "game.investigate", 
        "fields": {
            "case": 1, 
            "ordered": false, 
            "patient": 1, 
            "name": 15, 
            "needed": false
        }
    }, 
    {
        "pk": 15, 
        "model": "game.investigate", 
        "fields": {
            "case": 1, 
            "ordered": false, 
            "patient": 1, 
            "name": 16, 
            "needed": false
        }
    }, 
    {
        "pk": 16, 
        "model": "game.investigate", 
        "fields": {
            "case": 1, 
            "ordered": false, 
            "patient": 1, 
            "name": 17, 
            "needed": false
        }
    }, 
    {
        "pk": 17, 
        "model": "game.investigate", 
        "fields": {
            "case": 1, 
            "ordered": false, 
            "patient": 1, 
            "name": 18, 
            "needed": false
        }
    }, 
    {
        "pk": 18, 
        "model": "game.investigate", 
        "fields": {
            "case": 1, 
            "ordered": false, 
            "patient": 1, 
            "name": 19, 
            "needed": false
        }
    }, 
    {
        "pk": 19, 
        "model": "game.investigate", 
        "fields": {
            "case": 1, 
            "ordered": false, 
            "patient": 1, 
            "name": 20, 
            "needed": false
        }
    }, 
    {
        "pk": 20, 
        "model": "game.investigate", 
        "fields": {
            "case": 1, 
            "ordered": false, 
            "patient": 1, 
            "name": 21, 
            "needed": false
        }
    }, 
    {
        "pk": 21, 
        "model": "game.investigate", 
        "fields": {
            "case": 1, 
            "ordered": false, 
            "patient": 1, 
            "name": 22, 
            "needed": false
        }
    }, 
    {
        "pk": 22, 
        "model": "game.investigate", 
        "fields": {
            "case": 1, 
            "ordered": true, 
            "patient": 1, 
            "name": 23, 
            "needed": false
        }
    }, 
    {
        "pk": 23, 
        "model": "game.investigate", 
        "fields": {
            "case": 1, 
            "ordered": false, 
            "patient": 1, 
            "name": 24, 
            "needed": false
        }
    }, 
    {
        "pk": 24, 
        "model": "game.investigate", 
        "fields": {
            "case": 3, 
            "ordered": true, 
            "patient": 3, 
            "name": 18, 
            "needed": true
        }
    }, 
    {
        "pk": 25, 
        "model": "game.investigate", 
        "fields": {
            "case": 3, 
            "ordered": false, 
            "patient": 3, 
            "name": 20, 
            "needed": true
        }
    }
]